p_id,name,products,price,colour,brand,ratingCount,avg_rating,description,Sustainability_Rating,Material_Type,Eco_Friendly_Manufacturing,Carbon_Footprint_MT,Water_Usage_Liters,Waste_Production_KG,Recycling_Programs,Certifications,Certifications
1644118,Belle Fille Maroon Sporty Jacket,Jacket,1799,Maroon,Belle Fille,425,3.816471,"Maroon jacket, has an attached hood, a full zip closure, long sleeves, two insert pockets, ribbed hemCotton<br>Hand-washThe model (height 5'8'') is wearing a size S",A,Hemp,Yes,50.87,3154985,91196.97,Yes,B Corp,B Corp
596482,Belle Fille Women Purple Solid Open Front Hooded Jacket,Jacket,1595,Purple,Belle Fille,230,3.543478,"<p>Purple jacket, has an attached hood with contrast lining, long sleeves with ribbed cuffs, a full button placket on the front, stitched detail on the front, two stylised patch pockets with button detail, and paneled hemline</p><p>The model (height 5'8"" and chest 33"") is wearing a size M</p><p>Fleece<br>Hand wash</p>",A,Bamboo Fabric,Yes,73.86,1915318,55289.67,No,GOTS,GOTS
12402472,Belle Fille Women Blue Solid Tailored Hooded Jacket,Jacket,2099,Blue,Belle Fille,,,"Blue solid tailored jacket with button detail, has a hood, 2 pockets, zip closure, long sleeves, straight hem, and unlined liningMaterial: Cotton<br> Hand WashThe model (height 5'8"") is wearing a size S",D,Organic Cotton,Yes,263.76,1052684,56800.04,Yes,B Corp,B Corp
1010488,Belle Fille Red Hooded Jacket,Jacket,1699,Red,Belle Fille,,,"Red knitted jacket with an attached hood, has a mock collar, long sleeves with ribbed hems, a zip closure on the front, insert pockets on either sideBlendedHand-washThe model (height 5'8'') is wearing a size S",B,Recycled Polyester,Yes,38.15,496799.4,26523.2,Yes,B Corp,B Corp
1010438,Belle Fille Red Tailored Jacket,Jacket,1599,Red,Belle Fille,27,3.851852,"Red knitted jacket, has a mock collar with button detail, a concealed full zip closure, three-quarter sleeves, two welt pocketsThe model (height 5'8'') is wearing a size SBlended<br>Hand-wash",C,Vegan Leather,Yes,131.63,3083790,29089.6,Yes,GOTS,B Corp
10321453,Belle Fille Women Lavender Solid Tailored Jacket,Jacket,2499,Lavender,Belle Fille,,,"Lavender solid tailored jacket, has a lapel collar, button closure, long sleeves, straight hem, fleece lining, two pocketsThe model (height 5'8"") is wearing a size SCotton<br>Hand-wash",C,Tencel,Yes,297.32,445840,43768.64,No,GOTS,GOTS
10321467,Belle Fille Women Pink Solid Wrap Jacket,Jacket,2499,Pink,Belle Fille,,,"Pink solid wrap jacket, has a lapel collar, 1 pocket, button closure, long sleeves, straight hem, and unlinedThe model (height 5'8"") is wearing a size SFleece<br> Hand-wash",D,Tencel,Yes,481.88,3002520,91606.69,Yes,GOTS,GOTS
10321401,Belle Fille Women Sea Green Solid Tailored Jacket,Jacket,1999,Sea Green,Belle Fille,,,"Sea Green solid tailored jacket, has a mandarin collar, 2 pockets, button closures, long sleeves with zip detail, straight hemCotton<br>Hand-washThe model (height 5'8"") is wearing a size S",B,Hemp,Yes,365.81,2593450,32425.68,Yes,GOTS,B Corp
13181704,Clora Creation Women White Embroidered Dupatta,Dupatta,1599,White,Clora Creation,61,4.04918,"<p>White embroidered dupatta, taping along the border</p><p>Length: 2.43m<br>Width: 94m</p><p>Net<br>Dry clean</p>",C,Organic Cotton,Yes,135.71,452792.6,33113.43,No,B Corp,GOTS
12336742,Clora Creation Yellow & Magenta Bandhani Gotta Patti Silk Dupatta,Dupatta,1599,Yellow,Clora Creation,55,4.2,"Yellow and Magenta printed Dupatta, has bandhani technique, gotta patti, and an embellished border with tasselsMaterial: Silk Blend<br> Hand WashLength: 2.1 m<br>Width: 0.88 m",D,Bamboo Fabric,Yes,161.02,4266823,17374.61,No,GOTS,GOTS
13135198,Clora Creation Women Red & Gold-Coloured Striped Dupatta,Dupatta,999,Red,Clora Creation,23,3.826087,"<p>Red and gold-coloured striped dupatta, has an embellished border with taselels</p><p>Cotton-Blend</p><p>Dimensions: 2.28 m x 0.93 m (length x width)</p>",C,Hemp,Yes,324.21,3087993,64316.07,Yes,GOTS,B Corp
11579066,Clora Creation Maroon Woven Design Polka Dots Silk Dupatta,Dupatta,899,Maroon,Clora Creation,94,4.287234,Maroon and gold-coloured woven design Dupatta and has a solid borderMaterial: Silk Blend<br> Hand WashLength: 2.1 meters<br>Width: 0.66 meters<br>,A,Hemp,Yes,166.04,3585388,19488.59,Yes,B Corp,B Corp
15146858,Clora Creation Navy Blue & Gold Polka Dot Printed Dupatta,Dupatta,899,Navy Blue,Clora Creation,15,4.6,"Navy blue and gold polka dot printed dupatta, tasselled borderLength:2.1m ,<br>Width:0.66mSilk blend <br> Hand wash",C,Vegan Leather,Yes,73.46,1180569,81428.2,No,B Corp,GOTS
17739240,Clora Creation Green Dupatta with Gotta Patti,Dupatta,999,Green,Clora Creation,,,"Green geometric solid dupatta gotta patti, embellished borderCotton Blend<br>Hand WashLength =&nbsp;218 cm<br>Width =&nbsp;83 cm",D,Bamboo Fabric,Yes,196.02,114423.9,94317.86,Yes,B Corp,GOTS
18671794,Clora Creation Green Embroidered Dupatta,Dupatta,999,Green,Clora Creation,,,"Green floral embroidered dupatta, fringed border<p>Hand Wash</p>Length: <br> Width:",D,Organic Cotton,Yes,88.87,3580263,30074.41,Yes,GOTS,GOTS
18671752,Clora Creation Coffee Brown Striped Organza Dupatta with Mirror Work,Dupatta,999,Coffee Brown,Clora Creation,,,"Coffee brown geometric striped dupatta mirror work, embellished border<p>Hand Wash</p>Length: <br> Width:",D,Hemp,Yes,70.71,1557452,76277.62,No,B Corp,GOTS
10942736,DOLCE CRUDO Women Black Skinny Fit High-Rise Clean Look Stretchable Jeans,Jeans,2399,Black,DOLCE CRUDO,2718,4.112215,"Black dark wash 5-pocket high-rise jeans, clean look, no fade, has a button and zip closure, and waistband with belt loopsSkinny Fit<br>Stretchable<br>The model (height 5'8"") is wearing a size 28<p>78% cotton, 21% polyester, 1%elastane<br>Machine-wash</p>",D,Vegan Leather,Yes,124.39,1951566,37267.75,No,GOTS,GOTS
11035316,DOLCE CRUDO Women Blue Skinny Fit High-Rise Clean Look Stretchable Jeans,Jeans,2399,Blue,DOLCE CRUDO,3486,4.262192,"Blue medium wash 5-pocket high-rise jeans, clean look, no fade, has a button and zip closure, and waistband with belt loops78% Cotton, 21% Polyester &amp; 1% Elastane<br>Machine-washSkinny Fit<br>Stretchable<br>The model (height 5'8"") is wearing a size 28",D,Recycled Polyester,Yes,386.68,1494891,45916.88,Yes,GOTS,GOTS
11656304,DOLCE CRUDO Women Blue Skinny Fit High-Rise Clean Look Stretchable Jeans,Jeans,2449,Blue,DOLCE CRUDO,1964,4.10387,"Blue medium wash 5-pocket high-rise jeans, clean look, no fade, has a button and zip closure, and waistband with belt loops78% Cotton, 21% Polyester &amp; 1% Elastane<br>Machine-washSkinny Fit<br>Stretchable<br>The model (height 5'8"") is wearing a size 28",D,Hemp,Yes,1.61,4070653,45663.62,Yes,B Corp,GOTS
10617824,DOLCE CRUDO Women White Skinny Fit High-Rise Clean Look Stretchable Jeans,Jeans,2499,White,DOLCE CRUDO,1368,3.807749,"White light wash 5-pocket high-rise jeans, clean look, no fade, has a button and zip closure, and waistband with belt loops78% Cotton, 21% Polyester &amp; 1% Elastane<br>Machine-washSkinny Fit<br>Stretchable<br>The model (height 5'8"") is wearing a size 28",B,Recycled Polyester,Yes,194.09,2297025,30322.01,Yes,B Corp,B Corp
10696608,DOLCE CRUDO Women Navy Blue Skinny Fit High-Rise Clean Look Stretchable Cropped Jeans,Jeans,2399,Navy Blue,DOLCE CRUDO,1057,4.300851,"Navy Blue dark wash 5-pocket high-rise jeans, clean look, no fade, has a button and zip closure, and waistband with belt loops78% Cotton, 21% Polyester &amp; 1% Elastane<br>Machine-washSkinny Fit<br>Stretchable<br>The model (height 5'8"") is wearing a size 28",B,Hemp,Yes,113.24,3792174,20182.93,No,GOTS,GOTS
15283578,DOLCE CRUDO Women Black Slim Fit High-Rise Jeans,Jeans,2399,Black,DOLCE CRUDO,116,4.103448,"<ul><li>Dark shade, no fade black jeans</li><li>Slim fit, high-rise</li><li>Non stretchable</li><li>5 pocket</li><li>Length: cropped</li></ul>Cotton <br> Machine wash<br> Fit: Slim Fit <br> Non Stretchable <br> The model (height 5'8) is wearing a size 28",C,Hemp,Yes,105.99,2376533,42301.34,Yes,GOTS,GOTS
15283580,DOLCE CRUDO Women Blue Skinny Fit High-Rise Jeans,Jeans,4099,Blue,DOLCE CRUDO,84,4.345238,"<ul><li>Light shade, no fade blue jeans</li><li>Skinny fit, high-rise</li><li>Clean look</li><li>Non stretchable</li><li>5 pocket</li><li>Length: cropped</li></ul><br> Fit: Skinny Fit <br> Non Stretchable <br> The model (height 5'8) is wearing a size 28Cotton <br> Machine wash",B,Hemp,Yes,249.48,1669638,61559,Yes,GOTS,GOTS
10942702,DOLCE CRUDO Women Blue Bootcut High-Rise Clean Look Stretchable Jeans,Jeans,2349,Blue,DOLCE CRUDO,478,4.297071,"Blue medium wash 5-pocket high-rise jeans, clean look, light fade, has a button and zip closure, and waistband with belt loopsBootcut<br>Stretchable<br>The model (height 5'8"") is wearing a size 28<p>78% cotton, 21% polyester, 1%elastane<br>Machine-wash</p>",B,Hemp,Yes,386.41,3084608,88243.89,Yes,GOTS,GOTS
16495324,DOLCE CRUDO Women Yellow Solid Longline Tailored Jacket,Jacket,4995,Yellow,DOLCE CRUDO,,,"Yellow graphic solid tailored jacket, has a lapel collar, 2 pockets, button closure, long sleeves, straight hemline, without lining60% Polyester 40% Cotton<br>Cold Machine wash with similar colors<br>Do not Bleach<br>Tumble Dry Low<br>Warm IronThe model (height 5'8) is wearing a size S",A,Tencel,Yes,383.97,3910945,91093.92,Yes,GOTS,GOTS
1518329,Dupatta Bazaar White Embroidered Chiffon Dupatta,Dupatta,899,White,Dupatta Bazaar,1321,4.548827,White embroidered&nbsp;dupattaChiffon<br>Hand-wash coldLength: 2.5 metres Width: 1 metre,B,Vegan Leather,Yes,224.08,1613459,80475.17,Yes,GOTS,B Corp
10711448,Dupatta Bazaar Women White Solid Dupatta,Dupatta,599,White,Dupatta Bazaar,1531,4.536251,White solid dupatta and has a taping borderPoly Chiffon<br>Hand-washLength:&nbsp;2.35 m<br>Width: 90 cm,C,Organic Cotton,Yes,378.32,1437013,91927.73,No,GOTS,B Corp
14964708,Dupatta Bazaar Orange & Green Dyed Art Silk Bandhani Dupatta,Dupatta,899,Orange,Dupatta Bazaar,30,4.366667,"Orange and green bandhani dyed dupatta has bandhani technique,, woven design borderArt silk <br> Machine washLength:&nbsp;2.35 metres<br>Width:&nbsp;0.9 meters",C,Hemp,Yes,126.1,2110639,74268.78,No,GOTS,B Corp
13552234,Dupatta Bazaar Black Solid Dupatta,Dupatta,599,Black,Dupatta Bazaar,232,4.547414,Black solid Dupatta and has a solid borderMaterial: Poly Chiffon<br> Machine WashLength: 2.3 m<br>Width: 0.9 m,C,Tencel,Yes,26.03,3800104,13091.23,Yes,GOTS,GOTS
12866574,Dupatta Bazaar Maroon Solid Dupatta,Dupatta,699,Maroon,Dupatta Bazaar,118,4.245763,Maroon solid Dupatta and has a fringed borderMaterial: Poly Chiffon<br> Machine Wash<p>Length: 2.5 metres<br>Width: 0.9 metre</p>,B,Organic Cotton,Yes,168.05,4511580,57706.6,No,B Corp,GOTS
17662986,Dupatta Bazaar Green Striped Tie and Dye Dupatta,Dupatta,999,Green,Dupatta Bazaar,,,"Green leheriya striped dupatta has tie and dye technique,, embellished borderDimensions :&nbsp;2.4""meters*0.9""metersSilk Blend<br>Hand Wash",B,Vegan Leather,Yes,292.07,4387610,27889.52,No,B Corp,GOTS
15514526,Dupatta Bazaar Navy Blue Embroidered Dupatta with Mirror Work,Dupatta,999,Navy Blue,Dupatta Bazaar,41,4.536585,"Navy blue geometric embroidered dupatta mirror work, taping borderLength: 2.25 m<br>Width: 0.9 mPoly chiffon <br> Dry clean",D,Recycled Polyester,Yes,472.43,4734521,69114.64,No,B Corp,GOTS
14447434,Dupatta Bazaar White Ethnic Motifs Embroidered Dupatta,Dupatta,999,White,Dupatta Bazaar,47,4.382979,"White ethnic motifs embroidered dupatta, taping borderPoly chiffon <br> Hand washLength: 2.35 m<br>Width: 0.9 m<br><br>",D,Vegan Leather,Yes,193.07,3326333,36924.09,No,GOTS,B Corp
17988970,Flying Machine Women White Vintage Straight Fit High-Rise Jeans,Jeans,1999,White,Flying Machine,24,4.291667,"<ul> <li> Light shade, no fade white jeans </li> <li> Straight fit, high-rise </li> <li> Clean look </li> <li> Non stretchable </li> <li> 5 pocket </li> <li> Length: regular </li> </ul>100%Coton<br>Machine wash cold, wash dark colors separatelyFit: Straight Fit<br>Non Stretchable<br>Size worn by the model: 28<br>Waist: 28""<br>Hips: 34""<br>Height: 5'6""<br>",D,Hemp,Yes,242.61,1934619,63190.78,No,GOTS,GOTS
18689432,Flying Machine Women Blue Mom Fit High-Rise Light Fade Cropped Stretchable Jeans,Jeans,2249,Blue,Flying Machine,,,"<ul> <li> Dark shade, light fade blue jeans </li> <li> Mom fit, high-rise </li> <li> Clean look </li> <li> Stretchable </li> <li> 5 pocket </li> <li> Length: cropped </li> </ul>Fit: Mom Fit<br>Stretchable<br>The model (height 5'8) is wearing a size 2874% cotton, 24.5% polyester, 1.5% elastane<br>Machine wash",C,Organic Cotton,Yes,197.43,3327857,1026.38,No,GOTS,B Corp
17988958,Flying Machine Women White Veronica Skinny Fit Mid-Rise Stretchable Jeans,Jeans,1899,White,Flying Machine,,,"<ul> <li> Light shade, no fade white jeans </li> <li> Skinny fit, mid-rise </li> <li> Brand Fit: veronica </li> <li> Clean look </li> <li> Stretchable </li> <li> 5 pocket </li> <li> Length: regular </li> </ul>Brand Fit: Veronica <br> Fit: Skinny Fit <br> Stretchable<br>Size worn by the model: 28<br>Waist: 23""<br>Hips: 35""<br>Height: 5'8""<br>97.56% cotton, 2.44% spandex<br>Machine wash",D,Recycled Polyester,Yes,49.65,4217201,32991.78,No,B Corp,B Corp
17988972,Flying Machine Women Blue Veronica Skinny Fit Heavy Fade Stretchable Jeans,Jeans,1899,Blue,Flying Machine,13,4.384615,"<ul> <li> Light shade, heavy fade blue jeans </li> <li> Skinny fit, mid-rise </li> <li> Brand Fit: veronica </li> <li> Clean look </li> <li> Stretchable </li> <li> 5 pocket </li> <li> Length: regular </li> </ul>98% cotton, 2% elastane<br>Machine washBrand Fit: Veronica <br> Fit: Skinny Fit <br> Stretchable<br>Size worn by the model: 28<br>Waist: 23""<br>Hips: 35""<br>Height: 5'8""<br>",C,Vegan Leather,Yes,388.35,1494495,92200.02,No,GOTS,B Corp
17863362,Flying Machine Women Blue Wide Leg High-Rise Slash Knee Heavy Fade Stretchable Jeans,Jeans,2499,Blue,Flying Machine,19,4.368421,"<ul> <li> Light shade, heavy fade blue jeans </li> <li> Wide leg, high-rise </li> <li> Slash knee </li> <li> Stretchable </li> <li> 5 pocket </li> <li> Length: regular </li> </ul>100% cotton<br>Machine Wash<br> Fit: Wide Leg <br> Stretchable <br> The model (height 5'8) is wearing a size 28",B,Recycled Polyester,Yes,246.54,3168123,54295.5,No,B Corp,GOTS
17988964,Flying Machine Women Grey Straight Fit High-Rise Mildly Distressed Light Fade Stretchable Jeans,Jeans,1899,Grey,Flying Machine,13,4.153846,"<ul> <li> Dark shade, light fade grey jeans </li> <li> Straight fit, high-rise </li> <li> Mildly distressed </li> <li> Stretchable </li> <li> 5 pocket </li> <li> Length: cropped </li> </ul>100% Cotton<br>Machine Wash<br> Fit: Straight Fit <br> Stretchable <br> The model (height 5'8) is wearing a size 28",B,Hemp,Yes,286.58,4700187,93292.4,Yes,B Corp,B Corp
18689426,Flying Machine Women Blue Mom Fit Light Fade Stretchable Jeans,Jeans,2349,Blue,Flying Machine,,,"<ul> <li> Light shade, light fade blue jeans </li> <li> Mom fit, mid-rise </li> <li> Clean look </li> <li> Stretchable </li> <li> 5 pocket </li> <li> Length: regular </li> </ul>Fit: Mom Fit<br>Stretchable<br>The model (height 5'8) is wearing a size 2874% cotton 24.5% polyester 1.5% elastane<br>Machine Wash",C,Hemp,Yes,103.2,2235209,74224.72,No,B Corp,GOTS
17493840,Flying Machine Women Blue Twiggy Super Skinny Fit Mid-Rise Heavy Fade Stretchable Jeans,Jeans,2199,Blue,Flying Machine,19,4.526316,"<ul><li>Medium shade, heavy fade blue jeans</li><li>Super skinny fit, mid-rise</li><li>Brand Fit Name: Twiggy</li><li>Clean look</li><li>Stretchable</li><li>5 pockets</li><li>Length: regular</li></ul>Brand Fit Name: Twiggy<br>Fit: Super Skinny Fit<br>Stretchable<br>The model (height 5'8) is wearing a size 2885.4% Cotton, 13% Polyester, and 1.6% Elastane<br>Machine wash, cold<br>Wash dark colors separately",D,Vegan Leather,Yes,11.1,3772340,50247.68,Yes,GOTS,GOTS
12476742,Flying Machine Women Blue Solid Lightweight Padded Jacket,Jacket,3199,Blue,Flying Machine,37,4.405405,"Blue solid jacket, has a stand collar, 2 pockets, zip closure, long sleeves, straight hem, and polyester liningMaterial: Polyester<br> Machine WashThe model (height 5'8"") is wearing a size S",C,Bamboo Fabric,Yes,80.11,2384222,62121.8,No,GOTS,B Corp
12476734,Flying Machine Women Black Solid Lightweight Puffer Jacket,Jacket,3699,Black,Flying Machine,36,3.888889,"Black solid jacket, has a stand collar, 2 pockets, zip closure, long sleeves, straight hem, and polyester liningThe model (height 5'8"") is wearing a size SMaterial:<ul><li>Shell: 100% Polyester</li><li>Lining: 100% Polyester</li></ul>Dry Clean",B,Bamboo Fabric,Yes,365.05,716309.1,90154.36,No,GOTS,GOTS
15954278,Flying Machine Women Pink Striped Longline Sporty Jacket with Embroidered,Jacket,4099,Pink,Flying Machine,,,"Pink solid striped sporty jacket with embroidered, has a spread collar, 3 pockets ,has a button closure, three-quarter sleeves, curved hemline, polyester lining<p>| Polyester blend | Dry clean</p>The model (height 5'8) is wearing a size S",A,Bamboo Fabric,Yes,74.44,1601830,97466.49,No,GOTS,B Corp
10565726,Flying Machine Women Pink Solid Puffer Jacket,Jacket,2599,Pink,Flying Machine,67,4.208955,"Pink solid jacket, has a stand collar, 2 pockets, zip closure, sleeveless, straight hem, and polyesterMaterial: 100% polyester<br>Machine WashThe model (height 5'8"") is wearing a size S",D,Recycled Polyester,Yes,369.34,1778221,43642.46,Yes,GOTS,GOTS
13265574,High Star Women Black Slim Fit High-Rise Clean Look Stretchable Jeans,Jeans,1399,Black,High Star,498,4.341365,"Black dark wash 5-pocket high-rise jeans, clean look, no fade, has a button and zip closure, and waistband with belt loops88% Cotton, 10% Polyester, 2% Elastane<br>Machine-washSlim fit<br>Stretchable<br>The model (height 5'8"") is wearing a size 28",C,Organic Cotton,Yes,75.48,4650439,28599.2,Yes,B Corp,B Corp
12722432,High Star Women Plus Size Blue Slim Fit High-Rise Clean Look Stretchable Jeans,Jeans,1249,Blue,High Star,920,4.325,"Blue light wash 5-pocket high-rise jeans, clean look, light fade, has a button and zip closure, and waistband with belt loopsSlim fit<br>Stretchable<br>The model (height 5'8"") is wearing a size 2885% Cotton,13% Polyester, 2% Elastane<br>Machine-wash",B,Hemp,Yes,482.8,757408.8,62932.02,Yes,B Corp,B Corp
8070243,High Star Women White Slim Fit High-Rise Clean Look Stretchable Jeans,Jeans,2299,White,High Star,419,4.338902,"White light wash 5-pocket high-rise jeans, clean look with no fade, has a button and zip closure, waistband with belt loopsSlim fit<br>Stretchable<br>The model (height 5'8"") is wearing a size 28Cotton, polyester and elastane<br>Machine-wash",C,Bamboo Fabric,Yes,186.18,4555852,45798.65,No,B Corp,GOTS
15951624,High Star Women Black Bootcut High-Rise Light Fade Stretchable Jeans,Jeans,1299,Black,High Star,99,4.131313,"<ul><li>Dark shade, light fade black jeans</li><li>Bootcut, high-rise</li><li>Clean look</li><li>Stretchable</li><li>5 pocket</li><li>Length: regular</li></ul><br> Fit: Bootcut <br> Stretchable <br> The model (height 5'8) is wearing a size 2878% Cotton, 20% Polyester, 2% Elastane<br>Machine Wash",C,Tencel,Yes,232.78,2719636,13820.9,Yes,GOTS,GOTS
7243714,High Star Women Blue Slim Fit High-Rise Clean Look Stretchable Jeans,Jeans,2059,Blue,High Star,2056,4.249514,"Blue medium wash 5-pocket high-rise jeans, clean look with light fade, has a button and zip closure, waistband with belt loopsSlim fit<br>Stretchable<br>The model (height 5'8"") is wearing a size 28Polyester and elastane<br>Machine-wash",C,Vegan Leather,Yes,429.31,1711165,38929.02,No,B Corp,B Corp
11747970,High Star Women Blue Flared High-Rise Clean Look Jeans,Jeans,1699,Blue,High Star,339,4.061947,"Blue medium wash 4-pocket high-rise jeans, clean look, no fade, has a button and zip closure, and waistband with belt loopsFlared<br>The model (height 5'8"") is wearing a size 2880% Cotton, 20% Polyester<br>Machine-wash",A,Hemp,Yes,441.86,493338.4,76112.03,No,B Corp,B Corp
12722390,High Star Women Plus Size Blue Slim Fit High-Rise Clean Look Stretchable Jeans,Jeans,1249,Blue,High Star,317,4.476341,"Blue dark wash 5-pocket high-rise jeans, clean look, light fade, has a button fly closure, and waistband with belt loopsSlim fit<br>Stretchable<br>The model (height 5'8"") is wearing a size 2885% Cotton,13% Polyester and 2% Elastane<br>Machine-wash",C,Tencel,Yes,431.43,631831.7,78198.83,Yes,B Corp,B Corp
12317044,High Star Women Blue Bootcut High-Rise Clean Look Stretchable Jeans,Jeans,1299,Blue,High Star,268,4.38806,"Blue medium wash 5-pocket high-rise jeans, clean look, heavy fade, has a button and zip closure, and waistband with belt loops88%Cotton, 10% Polyester &amp; 2%Elastane<br>Machine-washBootcut<br>Stretchable<br>The model (height 5'8"") is wearing a size 28",B,Hemp,Yes,346.28,204457,7098.54,Yes,GOTS,B Corp
12393994,High Star Women Blue Faded Stretchable Denim Jacket,Jacket,2299,Blue,High Star,24,4.083333,"Blue faded Denim jacket, has a spread collar, 4 pockets, button closure, long sleeves, straight hem, and unlinedThe model (height 5'8"") is wearing a size SMaterial: 100% cotton<br>Machine Wash",D,Bamboo Fabric,Yes,494.54,1263198,81854.18,No,GOTS,B Corp
14061668,High Star Women Black Solid Lightweight Denim Jacket,Jacket,1499,Black,High Star,6,4.666667,"Black solid jacket, has a spread collar, button closure, straight hem, and i liningMaterial:&nbsp;99%Cotton,1%Polyester<br>Machine WashThe model (height 5'8"") is wearing a size S",A,Hemp,Yes,374.13,3479843,18379.54,No,GOTS,B Corp
16865718,Levis X Deepika Padukone Women Blue 70S Wide Leg High-Rise Light Fade Stretchable Jeans,Jeans,4599,Blue,Levis,10,4.6,"<ul> <li> Light shade, light fade blue jeans </li> <li> Wide leg, high-rise </li> <li> Clean look </li> <li> Stretchable </li> <li> 5 pocket </li> <li> Length: regular </li> </ul>Fit: Wide Leg<br>Stretchable<br>Size worn by the model: 28<br>Waist: 26""<br>Hips: 37""<br>Height: 5'7""<br>69% Cotton 30% Polyester 1% Elastane<br>Machine-wash",C,Organic Cotton,Yes,1.33,3407001,96799.08,Yes,GOTS,GOTS
16653750,Levis Women Blue 711 Skinny Fit Mid Rise Light Fade Stretchable Jeans,Jeans,3699,Blue,Levis,30,4.4,"<ul><li>Dark shade, light fade blue jeans</li><li>711Skinny fit, mid-rise</li><li>Clean look</li><li>Stretchable</li><li>5 pocket</li><li>Length: regular</li></ul>60% Cotton, 23% Viscose, 16% Polyester, 1% Elastane<br>Machine WashFit: 711&nbsp;Skinny Fit<br>Stretchable<br>The model (height 5'8) is wearing a size 28",D,Hemp,Yes,393.08,417763.9,49542.77,No,B Corp,B Corp
16653790,Levis x Deepika Padukone Women White Super Wide Leg Jeans,Jeans,4599,White,Levis,23,4.565217,"<ul><li>Light shade, no fade white jeans</li><li>Wide leg, mid-rise</li><li>Clean look</li><li>Stretchable</li><li>4 pocket</li><li>Length: regular</li></ul>The classic wide fit just got wider with our mile high leg jeans. This is part of the Levi's x Deepika Padukone collaboration which reflects her personal aesthetic in an iconic Levi's way.<br> Fit: Wide Leg <br> Stretchable<br>Size worn by the model: 28<br>Waist: 26""<br>Hips: 36""<br>Height: 5'7""<br>98.5% Cotton,<br>1.5% Elastane<br>Machine Wash",A,Hemp,Yes,354.79,4097192,11195.55,Yes,GOTS,GOTS
16653786,Levis Women Blue 714 Straight Fit High-Rise Light Fade Stretchable Jeans,Jeans,3699,Blue,Levis,8,5,"<ul> <li> Medium shade, light fade blue jeans </li> <li> Straight fit, high-rise </li> <li> Clean look </li> <li> Stretchable </li> <li> 5 pocket </li> <li> Length: regular </li> </ul>58% cotton 25% viscose 12% polyester2% elastane<br>Machine WashFit: Straight Fit<br>Stretchable<br>Size worn by the model: 28<br>Waist: 28""<br>Hips: 38""<br>Height: 5'7""<br>",D,Bamboo Fabric,Yes,456.18,2298106,27290.31,Yes,B Corp,GOTS
18069150,Levis Women Blue Skinny Fit Light Fade Stretchable Jeans,Jeans,2899,Blue,Levis,,,"<ul> <li> Medium shade, light fade blue jeans </li> <li> Skinny fit, mid-rise </li> <li> Clean look </li> <li> Stretchable </li> <li> 5 pocket </li> <li> Length: regular </li> </ul>81% Cotton, 17% Polyester, 2% Elastane<br>Machine-wash<br> Fit: Skinny Fit <br> Stretchable <br> The model (height 5'8) is wearing a size 28",C,Bamboo Fabric,Yes,158.6,4626060,73967.7,No,B Corp,B Corp
16794860,Levis Women Grey 501 Straight Fit High-Rise Light Fade Jeans,Jeans,4599,Grey,Levis,17,4.058824,"<ul> <li> Medium shade, light fade grey jeans </li> <li> Straight fit, high-rise </li> <li> Clean look </li> <li> Non stretchable </li> <li> 5 pocket </li> <li> Length: regular </li> </ul>100% Cotton,<br>Machine-wash<br> Fit: Straight Fit <br> Non Stretchable <br> The model (height 5'8) is wearing a size 28",C,Bamboo Fabric,Yes,109.86,4313210,33106.79,Yes,B Corp,GOTS
18903336,Levis Women Blue 725 Bootcut Light Fade Stretchable Jeans,Jeans,3899,Blue,Levis,,,"<ul> <li> Medium shade, light fade blue jeans </li> <li> Bootcut, mid-rise </li> <li> Clean look </li> <li> Stretchable </li> <li> 5 pocket </li> <li> Length: regular </li> </ul><br>Fit: 725 Bootcut<br>Stretchable<br>The model (height 5'8) is wearing a size 2860% Cotton, 23% Viscose, 16% Polyester, 1% elastane<br>Machine-wash",C,Hemp,Yes,93.85,1154039,34386.65,No,GOTS,B Corp
16653698,Levis Women Blue Straight Fit High-Rise Light Fade Jeans,Jeans,4299,Blue,Levis,21,3.952381,"<ul> <li> Light shade, light fade blue jeans </li> <li> Straight fit, high-rise </li> <li> Clean look </li> <li> Non stretchable </li> <li> 5 pocket </li> <li> Length: regular </li> </ul><br> Fit: Straight Fit <br> Non Stretchable<br>Size worn by the model: 28<br>Waist: 26""<br>Hips: 36""<br>Height: 5'7""<br>100% Cotton<br>Machine Wash",D,Hemp,Yes,155.25,3514889,41578.57,No,B Corp,GOTS
14873050,Levis Women Pink Solid Tailored Jacket,Jacket,3599,Pink,Levis,19,4.105263,"Pink solid tailored jacket, has a hooded, pockets ,has a zip closure, long sleeves, straight hemline, polyester lining80% Cotton &amp; 20% Polyester<br>Machine washThe model (height 5'8) is wearing a size S",D,Vegan Leather,Yes,267.23,1019354,60662.83,No,B Corp,GOTS
18904348,Levis Women Brown Solid Lapel Collar Casual Leather Jacket,Jacket,5999,Brown,Levis,,,"Brown solid leather jacket with zip detail, has a lapel collar, 2 pockets ,has a zip closure, long sleeves, straight hemline, cotton liningRegular fit<br>The model (height 5'8) is wearing a size S<p>100% Polyester Coated Polyurethane, Machine-wash</p>",B,Tencel,Yes,448.45,2319858,1693.78,No,B Corp,B Corp
15265898,MANGO Women Blue Flared High-Rise Light Fade Stretchable Jeans,Jeans,2990,Blue,MANGO,91,4.241758,"<ul> <li> Light shade, light fade blue jeans </li> <li> Flared, high-rise </li> <li> Clean look </li> <li> Stretchable </li> <li> 5 pocket </li> <li> Length: cropped </li> </ul><br> Fit: Flared <br> Stretchable <br> The model (height 5'8) is wearing a size 2896% cotton 3% polyester 1% elastane<br>Machine wash",B,Recycled Polyester,Yes,134.29,1675919,13866.46,Yes,GOTS,B Corp
16708028,MANGO Women Navy Blue Solid Straight Fit Jeans,Jeans,3590,Navy Blue,MANGO,46,3.73913,"<ul> <li> Medium shade, no fade navy blue jeans </li> <li> Straight fit, mid-rise </li> <li> Clean look </li> <li> Non stretchable </li> <li> 5 pocket </li> <li> Length: regular </li> </ul>Fit: Straight Fit<br>Non Stretchable<br>The model (height 5'8) is wearing a size 2880% Cotton , 20% Recycled Cotton<br>Machine wash",D,Organic Cotton,Yes,307.52,3731017,59023.01,No,B Corp,GOTS
17607964,MANGO Women Blue Skinny Fit Stretchable Jeans,Jeans,2790,Blue,MANGO,40,4.2,"<ul><li>Light shade, light fade blue jeans</li><li>Skinny fit, mid-rise</li><li>Clean look</li><li>Stretchable</li><li>5 pocket</li><li>Length: regular</li></ul>Fit: Skinny Fit<br>Stretchable<br>The model (height 5'8) is wearing a size 2878% Cotton, 20% Polyester , 2% Elastane<br>Machine wash",D,Vegan Leather,Yes,170.42,2364473,29751.48,Yes,GOTS,GOTS
17270106,MANGO Women Blue Straight Fit Cotton High-Rise Jeans,Jeans,4590,Blue,MANGO,35,3.857143,"<ul> <li> Light shade, no fade blue jeans </li> <li> Straight fit, high-rise </li> <li> Clean look </li> <li> Non stretchable </li> <li> 5 pocket </li> <li> Length: regular </li> </ul>Fit: Straight Fit<br>Non Stretchable<br>The model (height 5'8) is wearing a size 2880% Cotton, 20% Recycled Cotton&nbsp;<br>Machine wash",C,Hemp,Yes,424.64,2608089,50577.02,Yes,GOTS,B Corp
16892488,MANGO Women Black High-Rise Zebra Printed Mom Fit Pure Cotton Jeans,Jeans,3790,Black,MANGO,3,5,"<ul><li>Coloured shade, no fade black jeans</li><li>Mom fit, high-rise</li><li>Clean look</li><li>Non stretchable</li><li>Zebra Printed</li><li>5 pocket</li><li>Length: regular</li></ul><br> Fit: Mom Fit <br> Non Stretchable <br> The model (height 5'8) is wearing a size 28100% Cotton<br>Machine wash",D,Hemp,Yes,260.41,2070464,29013,Yes,GOTS,B Corp
18257618,MANGO Women Blue Embroidered Pure Cotton Straight Fit High-Rise Stretchable Jeans,Jeans,4590,Blue,MANGO,11,4.090909,"<ul><li>Medium shade, no fade blue jeans</li><li>Straight fit, high-rise</li><li>Clean look</li><li>Stretchable</li><li>Floral embroidered</li><li>5 pockets</li><li>Button closure</li><li>Length: cropped</li></ul>Fit: Straight Fit<br>Stretchable<br>The model (height 5'8) is wearing a size 28100% cotton<br>Machine-wash",C,Recycled Polyester,Yes,481.22,2495944,26644.95,No,B Corp,GOTS
17270160,MANGO Women Blue Wide Leg Pure Cotton Low-Rise Jeans,Jeans,3790,Blue,MANGO,7,4.714286,"<ul> <li> Medium shade, no fade blue jeans </li> <li> Wide leg, low-rise </li> <li> Clean look </li> <li> Non stretchable </li> <li> 5 pocket </li> <li> Length: regular </li> </ul><br> Fit: Wide Leg <br> Non Stretchable <br> The model (height 5'8) is wearing a size 28100% Cotton<br>Machine wash",C,Hemp,Yes,280.84,3789489,82141.92,Yes,GOTS,B Corp
17607798,MANGO Women Lime Green Straight Fit Pure Cotton High-Rise Jeans,Jeans,4790,Lime Green,MANGO,6,4,"<ul> <li> Coloured shade, no fade fluorescent green jeans </li> <li> Straight fit, high-rise </li> <li> Clean look </li> <li> Non stretchable </li> <li> 5 pocket </li> <li> Length: regular </li> </ul>100% Cotton<br>Machine washFit: Straight Fit<br>Non Stretchable<br>The model (height 5'8) is wearing a size 28",A,Recycled Polyester,Yes,66.48,223269,12377.96,No,GOTS,GOTS
16124506,MANGO Women Black Padded Jacket,Jacket,6590,Black,MANGO,19,4.526316,"Black solid padded jacket, has a collarless, pockets ,has a button closure, long sleeves, straight hemline, polyester liningThe model (height 5'8) is wearing a size SShell: 63% polyester, 33% viscose rayon<br>Lining: 55% polyester, 45% viscose Rayon",C,Vegan Leather,Yes,155.16,2483686,31295.4,Yes,B Corp,B Corp
16608476,MANGO Women Black & Olive Green Solid Reversible Padded Jacket,Jacket,4590,Black,MANGO,,,"Black and olive green solid reversible padded jacket, has a mock collar, 1 pockets, has a zip closure, sleeveless, hem with toggle hemlineThe model (height 5'8) is wearing a size SShell: 100% Nylon<br>Lining: 100% Polyester<br>Dry Clean",B,Tencel,Yes,182.42,3464575,3338.42,Yes,GOTS,B Corp
12525208,MANGO Women Off White Longline Puffer Jacket,Jacket,10990,Off White,MANGO,,,"Off white solid puffer jacket with, has a stand collar, 2 pockets, has a snap button closure, long sleeves, straight hemline, polyester lining engineered withThe model (height 5'8) is wearing a size SOuter shell: Polyester <br> Lining fabric: Polyester <br> Machine wash",D,Hemp,Yes,26.19,1052466,3849.5,No,B Corp,B Corp
15315992,MANGO Women Cream-Coloured Padded Jacket,Jacket,4590,Cream,MANGO,6,4,"Cream-coloured solid Padded jacket, has a stand collar, 2 pockets ,has a zip closure, sleeveless, straight hemline, without liningOuter shell: Polyester <br> Lining fabric: Unlined <br> Dry cleanThe model (height 5'8) is wearing a size S",D,Organic Cotton,Yes,362.13,2723077,31594.09,Yes,GOTS,B Corp
15962154,MANGO Women Beige Solid Longline Quilted Jacket,Jacket,5590,Beige,MANGO,6,4.5,"Beige solid quilted jacket, has a spread collar, 2 pockets ,has a snap button closure, long sleeves, straight hemline, polyester liningShell: 100% Polyester<br>Lining: 100% Polyester<br>Dry cleanThe model (height 5'8) is wearing a size S",D,Hemp,Yes,159.67,2124178,11352.53,No,GOTS,GOTS
15962194,MANGO Women Olive Green Solid Padded Jacket,Jacket,5590,Olive,MANGO,6,3.833333,"Olive green solid padded jacket, has a collarless, 2 pockets ,has a button closure, long sleeves, straight hemline, without liningShell: 100% Polyamide<br>Lining: 100% Polyamide<br>Dry cleanThe model (height 5'8) is wearing a size S",C,Hemp,Yes,318.01,3659649,35595.6,Yes,B Corp,GOTS
15962096,MANGO Women Off White Solid Wrap Puffer Jacket,Jacket,6590,Off White,MANGO,,,"Off-white solid wrap puffer jacket with tie-up ate the waist, has a shawl collar, long sleeves, straight hemline, nylon liningThe model (height 5'8) is wearing a size SShell: 100% polyamide<br>Lining:&nbsp;100% polyamide<br>Filling: 100% polyester<br>Dry-clean",C,Tencel,Yes,412.61,2598516,34613.37,Yes,B Corp,B Corp
15962224,MANGO Women Navy Blue Solid Longline Puffer Jacket,Jacket,6590,Navy Blue,MANGO,,,"Navy blue solid puffer jacket, has a hooded, 2 pockets ,has a zip closure, sleeveless, straight hemline, polyester liningShell: 55% Polyester, 45%Polyamide<br>Lining: 55% Polyester, 45%Polyamide<br>Dry CleanThe model (height 5'8) is wearing a size S",D,Bamboo Fabric,Yes,342.12,249355.2,27731.52,No,B Corp,B Corp
16124966,MANGO Women Black Solid Padded Jacket with Belt,Jacket,6590,Black,MANGO,,,"Black solid padded jacket, has a mock collar, 2 pockets ,has a zip closure, sleeveless, straight hemline, polyester lining<br>Comes with a belt100% Polyester<br>Machine washThe model (height 5'8) is wearing a size S",C,Bamboo Fabric,Yes,256.19,2794336,2512.6,No,GOTS,B Corp
14006530,Mast & Harbour Women Navy Blue Boyfriend Fit Stretchable Jeans,Jeans,1699,Navy Blue,Mast & Harbour,621,4.075684,"<ul> <li> Dark no fade navy blue jeans </li> <li> Boyfriend fit, mid-rise </li> <li> Clean look </li> <li> Stretchable </li> <li> 5 pocket </li> <li> Length: regular </li> </ul>99% Cotton and 1% Elastane<br>Machine wash<br> Fit: Boyfriend Fit <br> Stretchable <br> The model (height 5'8) is wearing a size S",D,Vegan Leather,Yes,375.74,3398780,75519.58,Yes,B Corp,B Corp
18361786,Mast & Harbour Women Black Boyfriend Fit Stretchable Jeans,Jeans,1999,Black,Mast & Harbour,,,"<ul><li>Dark shade, no fade black jeans</li><li>Boyfriend fit, mid-rise</li><li>Clean look</li><li>Stretchable</li><li>Button closure</li><li>Zip fly</li><li>5 pockets</li><li>Length: regular</li></ul>80% cotton, 19% polyester, 1% elastane<br>Machine washFit: Boyfriend Fit<br>Stretchable<br>The model (height 5'8) is wearing a size 28",A,Tencel,Yes,464.76,2823867,90445.27,No,B Corp,B Corp
13332026,Mast & Harbour Women Blue Boyfriend Fit Light Fade Stretchable Jeans,Jeans,1899,Blue,Mast & Harbour,250,3.876,"<ul> <li> Medium shade, light fade blue jeans </li> <li> Boyfriend fit, mid-rise </li> <li> Clean look </li> <li> Stretchable </li> <li> 5 pocket </li> <li> Length: cropped </li> </ul>Fit: Boyfriend Fit<br>Stretchable<br>The model (height 5'8) is wearing a size 2899% cotton 1% elastane<br>Dry clean",B,Organic Cotton,Yes,40.01,3984337,28204.78,Yes,GOTS,GOTS
15939000,Mast & Harbour Women Navy Blue Skinny Fit Light Fade Stretchable Jeans,Jeans,1799,Navy Blue,Mast & Harbour,33,3.787879,"<ul><li>Dark shade, light fade blue jeans</li><li>Skinny fit, mid-rise</li><li>Clean look</li><li>Stretchable</li><li>5 pocket</li><li>Length: regular</li></ul>99% Cotton, 1% Elastane<br>Machine washFit: Skinny Fit <br> Stretchable<br>Size worn by the model: S<br>Waist: 24""<br>Hips: 34""<br>Height: 5'5""<br>",D,Organic Cotton,Yes,417.55,4447290,58208.95,No,GOTS,GOTS
18361810,Mast & Harbour Women Off-White Skinny Fit Mid-Rise Stretchable Jeans,Jeans,1999,Off White,Mast & Harbour,,,"<ul> <li> Light shade, no fade off white jeans </li> <li> Skinny fit, mid-rise </li> <li> Clean look </li> <li> Stretchable </li> <li> 5 pocket </li> <li> Length: regular </li> </ul>80% cotton, 19% polyester, 1% elastane<br>Machine washFit: Skinny Fit<br>Stretchable<br>Size worn by the model: 28<br>Waist: 28""<br>Hips: 34""<br>Height: 5'6""<br>",D,Hemp,Yes,373.74,1856025,14625.2,Yes,B Corp,B Corp
18361806,Mast & Harbour Women Blue Skinny Fit Mid-Rise Light Fade Stretchable Jeans,Jeans,1999,Blue,Mast & Harbour,,,"<ul> <li> Medium shade, light fade blue jeans </li> <li> Skinny fit, mid-rise </li> <li> Clean look </li> <li> Stretchable </li> <li> 5 pocket </li> <li> Length: regular </li> </ul>Fit: Skinny Fit<br>Stretchable<br>Size worn by the model: 28<br>Waist: 22""<br>Hips: 34""<br>Height: 5'7""<br>80% cotton, 19% polyester, 1% elastane<br>Machine wash",D,Hemp,Yes,49.25,1017458,30786.96,Yes,B Corp,GOTS
15939028,Mast & Harbour Women Blue Skinny Fit Stretchable Jeans,Jeans,1799,Blue,Mast & Harbour,72,4.305556,"<ul> <li> Medium shade, no fade blue jeans </li> <li> Skinny fit, mid-rise </li> <li> Clean look </li> <li> Stretchable </li> <li> 5 pocket </li> <li> Length: regular </li> </ul>99% Cotton ,1% Elastane<br>Machine wash<br> Fit: Skinny Fit <br> Stretchable <br> The model (height 5'8) is wearing a size 28",C,Recycled Polyester,Yes,321.86,3141659,86771.42,No,GOTS,GOTS
18361830,Mast & Harbour Women Blue Slim Fit High-Rise Stretchable Casual Jeans,Jeans,1999,Blue,Mast & Harbour,,,"<ul> <li> Coloured shade, no fade blue jeans </li> <li> Slim fit, high-rise </li> <li> Clean look </li> <li> Stretchable </li> <li> 5 pocket </li> <li> Length: regular </li> </ul>80% Cotton , 19% Polyester, 1% Elastane<br>Machine wash<br> Fit: Slim Fit <br> Stretchable <br> The model (height 5'8) is wearing a size 28",B,Recycled Polyester,Yes,335.28,4908564,8250.99,Yes,B Corp,GOTS
14485256,Mast & Harbour Women Mustard Yellow & Navy Blue Colourblocked Padded Jacket,Jacket,3499,Mustard,Mast & Harbour,32,4.53125,"Mustard yellow, navy and white colourblocked padded jacket, has a mock collar, 2 pockets, a zip closure, long sleeves, straight hemline, polyester lining100% Polyester<br>Machine washThe model (height 5'8) is wearing a size S",C,Recycled Polyester,Yes,302.36,2594797,37298.06,Yes,B Corp,GOTS
14364216,Mast & Harbour Women Teal Blue Solid Satin Finish Tailored Jacket,Jacket,2799,Teal,Mast & Harbour,12,4.25,"Teal solid tailored jacket, has a collarless, 2 zip insert pockets ,has a zip closure, long sleeves, straight hemline, polyester liningOuter shell: Polyester <br> Lining fabric: Polyester <br> Machine washThe model (height 5'8) is wearing a size S",B,Recycled Polyester,Yes,90.03,1609097,49625.17,No,B Corp,GOTS
14485150,Mast & Harbour Women Grey Solid Padded Jacket,Jacket,3699,Grey,Mast & Harbour,39,4.333333,"Grey solid padded jacket, has a mock collar, 2 pockets , zip closure, long sleeves, straight hemline, polyester liningOuter shell: Polyester<br>Lining fabric: Polyester<br>Machine-washThe model (height 5'8) is wearing a size S",A,Hemp,Yes,232.5,3683534,68811.29,Yes,B Corp,B Corp
15507904,Mast & Harbour Women Pink Tailored Jacket,Jacket,2999,Pink,Mast & Harbour,11,4.454545,"Pink solid tailored jacket, has a spread collar, 4 pockets ,has a button closure, long sleeves, straight hemline, without liningshell: 100% cotton<br>Machine washThe model (height 5'8) is wearing a size S",A,Hemp,Yes,437.38,2580953,72557.57,Yes,B Corp,GOTS
11973126,Mast & Harbour Women Coffee Brown Solid Quilted Jacket,Jacket,4299,Coffee Brown,Mast & Harbour,60,4.166667,"Coffee brown solid quilted jacket, has a mock collar, 2 pockets, zip closure, long sleeves, straight hem, and attached&nbsp; liningThe model (height 5'8"") is wearing a size SMaterial: 100% polyester<br>Machine Wash",B,Vegan Leather,Yes,425.64,3253900,56385.91,No,B Corp,GOTS
15287380,Mast & Harbour Women Maroon & White Colourblocked Hooded Bomber Jacket,Jacket,3699,Maroon,Mast & Harbour,24,4.291667,"Maroon, white and beige colourblocked bomber jacket, has a hood, 2 pockets ,has a zip closure, long sleeves, straight hemline, polyester liningThe model (height 5'8) is wearing a size SOuter shell: Polyester <br> Lining fabric: Polyester <br> Machine wash",C,Vegan Leather,Yes,92.47,2611095,49665.73,Yes,GOTS,GOTS
14485212,Mast & Harbour Women Navy Blue & Red Colourblocked Padded Jacket,Jacket,3499,Navy Blue,Mast & Harbour,13,4.538462,"Navy blue and red colourblocked padded jacket, has a mock collar, 2 pockets ,has a zip closure, long sleeves, straight hemline, without liningOuter shell: Polyester <br> Lining fabric: Unlined <br> Machine washThe model (height 5'8) is wearing a size S",B,Organic Cotton,Yes,306.83,2045666,98307.27,Yes,B Corp,B Corp
14364140,Mast & Harbour Women Blue Colourblocked Tailored Jacket,Jacket,2799,Blue,Mast & Harbour,54,4.240741,"Blue colourblocked tailored jacket, has a mock collar, 2 pockets ,has a zip closure, long sleeves, straight hemline, polyester liningThe model (height 5'8) is wearing a size SOuter shell: Polyester <br> Lining fabric: Polyester <br> Machine wash",D,Recycled Polyester,Yes,405.29,3826924,55040.01,Yes,GOTS,GOTS
10196239,Miss Chase Women Black Skinny Fit High-Rise Clean Look Stretchable Jeans,Jeans,2299,Black,Miss Chase,3750,4.226133,"Black dark wash 5-pocket high-rise jeans, clean look, no fade, has a button and zip closure, and waistband with belt loops78% Cotton, 21% Polyester and 1% Elastane<br>Machine-washSkinny Fit<br>Stretchable<br>The model (height 5'8"") is wearing a size 28",B,Organic Cotton,Yes,343.04,2475172,27182.05,No,B Corp,GOTS
8514289,Miss Chase Women Blue Skinny Fit High-Rise Clean Look Jeans,Jeans,1899,Blue,Miss Chase,726,4.044077,"Blue medium wash 5-pocket high-rise jeans, clean look with no fade, has a button and zip closure, waistband with belt loopsSkinny Fit<br>The model (height 5'8"") is wearing a size 28Cotton<br> Machine-wash",C,Recycled Polyester,Yes,271.68,2165240,40763.45,No,B Corp,GOTS
12277574,Miss Chase Women Blue Slim Fit High-Rise Clean Look Jeans,Jeans,2299,Blue,Miss Chase,109,3.798165,"Blue light wash 5-pocket high-rise jeans, clean look, heavy fade, has a button and zip closure, and waistband with belt loopsMaterial: Cotton<br> Machine WashSlim Fit<br>The model (height 5'8"") is wearing a size 28",B,Bamboo Fabric,Yes,44.64,1194643,86602.57,Yes,GOTS,B Corp
10831740,Miss Chase Women White Skinny Fit High-Rise Clean Look Stretchable Jeans,Jeans,2399,White,Miss Chase,265,3.637736,"White light wash 5-pocket high-rise jeans, clean look, no fade, has a button and zip closure, and waistband with belt loopsSkinny Fit<br>Stretchable<br>The model (height 5'8"") is wearing a size 2878% Cotton, 21% Polyester, 1% Elastane<br>Machine-wash",C,Hemp,Yes,99.8,1392930,53702.55,Yes,B Corp,B Corp
12238128,Miss Chase Women White Skinny Fit High-Rise Clean Look Jeans,Jeans,2899,White,Miss Chase,98,3.744898,"White light wash 5-pocket high-rise jeans, clean look, no fade, has a button and zip closure, and waistband with belt loopsMaterial: Cotton<br> Machine WashSkinny Fit<br>The model (height 5'8"") is wearing a size 28",D,Bamboo Fabric,Yes,446.59,3504847,38005.94,Yes,B Corp,B Corp
10075727,Miss Chase Women Black Skinny Fit High-Rise Clean Look Jeans,Jeans,2299,Black,Miss Chase,810,4.149383,"Black dark wash 5-pocket high-rise jeans, clean look, no fade, has a button fly closure, and waistband with belt loopsCotton<br>Machine-washSkinny Fit<br>The model (height 5'8"") is wearing a size 28",C,Vegan Leather,Yes,359.58,4502677,90112.66,Yes,B Corp,B Corp
18245110,Miss Chase Women Blue High-Rise Mildly Distressed Stretchable Jeans,Jeans,3195,Blue,Miss Chase,5,4.8,"<ul> <li> Coloured shade, no fade blue jeans </li> <li> Regular fit, high-rise </li> <li> Mildly distressed </li> <li> Stretchable </li> <li> 6 pocket </li> <li> Length: regular </li> </ul><p>71% Cotton 21% Polyester 1% Elastane|Machine wash cold with like colors, wash inside out, do not tumble dry, do not bleach</p><br> Fit: Regular Fit <br> Stretchable <br> The model (height 5'8) is wearing a size 28",A,Hemp,Yes,349.07,2952641,84119.98,Yes,GOTS,GOTS
10668230,Miss Chase Women Blue Skinny Fit High-Rise Slash Knee Stretchable Jeans,Jeans,2299,Blue,Miss Chase,153,4.117647,"Blue medium wash 5-pocket high-rise jeans, slash knee, no fade, has a button and zip closure, and waistband with belt loopsSkinny Fit<br>Stretchable<br>The model (height 5'8"") is wearing a size 2878% Cotton, 21% Polyester &amp; 1% Elastane<br>Machine-wash",A,Bamboo Fabric,Yes,175.41,367325.7,78662,No,B Corp,B Corp
8091269,Miss Chase Women Blue Solid Lightweight Denim Jacket,Jacket,1999,Blue,Miss Chase,18,4.166667,"Blue solid denim jacket, has a spread collar, snap button closure, long sleeves, straight hem, unlined liningCotton<br>Machine-washThe model (height 5'8"") is wearing a size S",D,Hemp,Yes,73.57,192631.7,31624.23,Yes,GOTS,GOTS
16276900,Miss Chase Woman Rust Hooded Jacket,Jacket,2899,Rust,Miss Chase,,,"Rust solid striped tailored jacket with faux fur trim, has a hooded, 2 pockets ,has a button closure, long sleeves, straight hemline, without lining100% Cotton<br>Cold Machine wash with similar colors<br>Do not Bleach<br>Tumble Dry Low<br>Warm IronThe model (height 5'8) is wearing a size S",D,Organic Cotton,Yes,480.08,2686258,95031.75,No,GOTS,GOTS
4044583,Miss Chase Women Grey Solid Lightweight Tailored Jacket,Jacket,1849,Grey,Miss Chase,,,"Grey solid tailored jacket, has a collarless, none pockets, zip closure, long sleeves, flared hem, unlinedCotton<br> Machine-washThe model (height 5'8"") is wearing a size S",C,Vegan Leather,Yes,92.41,1088068,7838.76,No,B Corp,GOTS
12164670,Miss Chase Women Blue Solid Denim Jacket,Jacket,2399,Blue,Miss Chase,,,"Blue solid jacket, has a spread collar, 4 pockets, button closure, long sleeves, straight hem, and unlined liningMaterial: Cotton<br> Machine WashThe model (height 5'8"") is wearing a size S",A,Recycled Polyester,Yes,58.83,4038721,54421.36,No,GOTS,GOTS
13908056,Miss Chase Women Navy Blue Open Front Jacket,Jacket,2299,Navy Blue,Miss Chase,,,"Navy Blue jacket, has a collarless, button closure, straight hem, and i liningThe model (height 5'8"") is wearing a size SMaterial: Cotton",D,Organic Cotton,Yes,221.11,4217565,56170.73,No,B Corp,GOTS
16276882,Miss Chase Women Black Solid Open Front Jacket,Jacket,2999,Black,Miss Chase,,,"Black solid open front jacket with zip detail, has a mock collar, 2 pockets ,has a zip closure, long sleeves, straight hemline, without liningThe model (height 5'8) is wearing a size S60% Polyester &amp; 40% Cotton<br>Cold Machine wash with similar colors, Do not Bleach, Tumble Dry Low, Warm Iron",D,Organic Cotton,Yes,292.42,2092142,90736.55,Yes,GOTS,B Corp
10954884,Miss Chase Women Navy Blue Solid Jacket,Jacket,2399,Navy Blue,Miss Chase,19,4.263158,"Navy Blue solid jacket, has a hooded, button closure, and straight hem78% Cotton, 21% Polyester &amp; 1% Elastane<br>Machine washThe model (height 5'8"") is wearing a size S",A,Bamboo Fabric,Yes,250.4,4297062,6194.58,Yes,B Corp,GOTS
18809310,ONLY Women Blue Skinny Fit Light Fade Jeans,Jeans,2999,Blue,ONLY,,,"<ul> <li> Medium shade, light fade blue jeans </li> <li> Skinny fit, mid-rise </li> <li> Clean look </li> <li> Non stretchable </li> <li> 5 pocket </li> <li> Length: cropped </li> </ul><br> Fit: Skinny Fit <br> Non Stretchable <br> The model (height 5'8) is wearing a size 28<p>Machine wash</p>",B,Recycled Polyester,Yes,293.87,2733977,74862.6,No,B Corp,B Corp
19089668,ONLY Women Blue Straight Fit High-Rise Low Distress Light Fade Jeans,Jeans,4299,Blue,ONLY,,,"<ul> <li> Medium shade, light fade blue jeans </li> <li> Straight fit, high-rise </li> <li> Low distress </li> <li> Non stretchable </li> <li> 5 pocket </li> <li> Length: cropped </li> </ul><p>machine wash with similar color</p><br> Fit: Straight Fit <br> Non Stretchable <br> The model (height 5'8) is wearing a size 28",C,Bamboo Fabric,Yes,472.72,464476.7,26009.83,Yes,GOTS,B Corp
16578728,ONLY Women White High-Rise Jeans,Jeans,3699,White,ONLY,9,4.777778,"<ul> <li> Light shade, no fade white jeans </li> <li> Regular fit, high-rise </li> <li> Clean look </li> <li> Non stretchable </li> <li> 5 pocket </li> <li> Length: cropped </li> </ul><p>Machine wash</p><br> Fit: Regular Fit <br> Non Stretchable <br> The model (height 5'8) is wearing a size 28",C,Vegan Leather,Yes,251.71,2947610,94518.65,No,GOTS,GOTS
18626226,ONLY Women Blue Straight Fit High-Rise Jeans,Jeans,3699,Blue,ONLY,,,"<ul> <li> Dark shade, no fade blue jeans </li> <li> Straight fit, high-rise </li> <li> Clean look </li> <li> Non stretchable </li> <li> 5 pocket </li> <li> Length: cropped </li> </ul><p>Machine wash</p><br> Fit: Straight Fit <br> Non Stretchable <br> The model (height 5'8) is wearing a size 28",D,Bamboo Fabric,Yes,224.19,1987495,40362.93,Yes,B Corp,B Corp
19089662,ONLY Women Blue Skinny Fit High-Rise Jeans,Jeans,3499,Blue,ONLY,,,"<ul> <li> Light shade, no fade blue jeans </li> <li> Skinny fit, high-rise </li> <li> Clean look </li> <li> Non stretchable </li> <li> 5 pocket </li> <li> Length: cropped </li> </ul>Cotton<br>Machine Wash<br> Fit: Skinny Fit <br> Non Stretchable <br> The model (height 5'8) is wearing a size 28",D,Vegan Leather,Yes,485.88,1180658,15017.05,Yes,GOTS,B Corp
18620390,ONLY Women Blue Skinny Fit High-Rise Mildly Distressed Light Fade Jeans,Jeans,2999,Blue,ONLY,7,2.285714,"<ul> <li> Medium shade, light fade blue jeans </li> <li> Skinny fit, high-rise </li> <li> Mildly distressed </li> <li> Non stretchable </li> <li> 5 pocket </li> <li> Length: cropped </li> </ul><p>Machine wash</p><br> Fit: Skinny Fit <br> Non Stretchable <br> The model (height 5'8) is wearing a size 28",A,Hemp,Yes,469.03,533980.4,92591.9,No,B Corp,B Corp
18620402,ONLY Women Grey Skinny Fit High-Rise Light Fade Jeans,Jeans,2999,Grey,ONLY,,,"<ul> <li> Light shade, light fade grey jeans </li> <li> Skinny fit, high-rise </li> <li> Clean look </li> <li> Non stretchable </li> <li> 5 pocket </li> <li> Length: cropped </li> </ul><br> Fit: Skinny Fit <br> Non Stretchable <br> The model (height 5'8) is wearing a size 28<p>Machine wash</p>",C,Recycled Polyester,Yes,423.81,4903184,49365.68,No,B Corp,B Corp
19089712,ONLY Women White Solid Flared Jeans,Jeans,3499,White,ONLY,,,"<ul> <li> Coloured shade, no fade white jeans </li> <li> Flared, mid-rise </li> <li> Clean look </li> <li> Non stretchable </li> <li> 5 pocket </li> <li> Length: cropped </li> </ul>Cotton<br>Machine wash<br> Fit: Flared <br> Non Stretchable <br> The model (height 5'8) is wearing a size 28",B,Hemp,Yes,298.73,707667.9,26757.84,Yes,GOTS,GOTS
15702710,ONLY Women Olive Solid Tailored Jacket,Jacket,3499,Olive,ONLY,13,4.384615,"Olive solid tailored jacket with studded, has a spread collar, 2 pockets ,has a button closure, three-quarter sleeves, straight hemline, without liningThe model (height 5'8) is wearing a size SOuter shell: Cotton <br> Lining fabric: Unlined <br> Machine wash",D,Tencel,Yes,136.48,2846839,71930.95,No,B Corp,B Corp
19171474,ONLY Women Pink Solid Denim Jacket with Embroidered,Jacket,4299,Pink,ONLY,,,"Pink solid denim jacket with embroidered, has a spread collar, 4 pockets ,has a button closure, sleeveless, straight hemline, without lining<p>Dry Clean</p>The model (height 5'8) is wearing a size S",A,Recycled Polyester,Yes,464.58,639822.5,21527.31,No,GOTS,GOTS
16737258,ONLY Women Cream-Coloured Denim Jacket,Jacket,3999,Cream,ONLY,,,"Cream-coloured solid denim jacket with faux fur trim, has a spread collar, 4 pockets ,has a button closure, long sleeves, straight hemline, without liningThe model (height 5'8) is wearing a size SOuter shell: Cotton<br>Lining: Unlined<br>Machine wash",A,Vegan Leather,Yes,127.92,1382765,32038.76,Yes,GOTS,B Corp
19171482,ONLY Women Beige Colourblocked Longline Tailored Jacket,Jacket,6499,Beige,ONLY,,,"Beige graphic colourblocked tailored jacket with zip detail, has a lapel collar, 1 pockets ,has a button closure, long sleeves, straight hemline, without lining<p>Dry Clean</p>The model (height 5'8) is wearing a size S",D,Bamboo Fabric,Yes,46.11,877986.1,69342.51,No,B Corp,GOTS
19175662,ONLY Women Blue Washed Crop Denim Jacket,Jacket,4499,Blue,ONLY,,,"Blue washed solid denim jacket with patchwork, has a spread collar, 2 pockets ,has a button closure, long sleeves, straight hemline, cotton liningCotton<br>Machine washThe model (height 5'8) is wearing a size S",D,Recycled Polyester,Yes,383.76,3488085,75300.66,Yes,GOTS,GOTS
19175672,ONLY Women Blue Washed Crop Bomber Jacket,Jacket,4499,Blue,ONLY,,,"Blue washed printed bomber with faux fur trim, has a spread collar, 2 pockets ,has a button closure, long sleeves, straight hemline, cotton liningThe model (height 5'8) is wearing a size SDenim<br>Machine wash",A,Organic Cotton,Yes,283.67,4669518,12999.41,Yes,GOTS,GOTS
19175668,ONLY Women Blue Washed Denim Jacket,Jacket,4499,Blue,ONLY,,,"Blue washed solid denim jacket, has a spread collar, 2 pockets ,has a button closure, long sleeves, curved hemline, cotton liningThe model (height 5'8) is wearing a size SCotton<br>Machine wash",A,Organic Cotton,Yes,378.1,3324269,94617.77,Yes,GOTS,GOTS
19175664,ONLY Women Blue Washed Colourblocked Crop Denim Jacket,Jacket,4499,Blue,ONLY,,,"Blue washed colourblocked denim jacket, has a spread collar, 2 pockets ,has a snap button closure, long sleeves, straight hemline, cotton liningDenim<br>Machine washThe model (height 5'8) is wearing a size S",B,Organic Cotton,Yes,404.12,3291648,40141.82,Yes,B Corp,GOTS
16728362,People Women Blue Skinny Fit Clean Look Cropped Jeans,Jeans,999,Blue,People,50,3.8,"<ul><li>Light shade, no fade blue jeans</li><li>Skinny fit, mid-rise</li><li>Clean Look</li><li>Non stretchable</li><li>5 pockets</li><li>Length: cropped</li></ul>100% Cotton<br>Machine-wash<br> Fit: Skinny Fit <br> Non Stretchable <br> The model (height 5'8) is wearing a size 28",B,Vegan Leather,Yes,306.66,2755208,10936.82,No,B Corp,GOTS
16728358,People Women Black Pure Cotton Skinny Fit Jeans,Jeans,899,Black,People,63,4.428571,"<ul><li>Dark shade, no fade black jeans</li><li>Skinny fit, mid-rise</li><li>Clean look</li><li>Non stretchable</li><li>5 pockets</li><li>Length: cropped</li></ul><br> Fit: Skinny Fit <br> Non Stretchable <br> The model (height 5'8) is wearing a size 28100% Cotton<br>Machine-wash",B,Bamboo Fabric,Yes,432.33,3849627,20156.23,No,GOTS,B Corp
16666650,People Women Black Tapered Fit High-Rise Jeans,Jeans,1499,Black,People,61,4.278689,"<ul> <li> Coloured shade, no fade black jeans </li> <li> Tapered fit, high-rise </li> <li> Clean look </li> <li> Non stretchable </li> <li> 5 pocket </li> <li> Length: cropped </li> </ul><p>100% COTTON</p><br> Fit: Tapered Fit <br> Non Stretchable <br> The model (height 5'8) is wearing a size 28",C,Bamboo Fabric,Yes,202.15,2277934,87348.4,Yes,B Corp,B Corp
16728370,People Women Blue Slim Fit Mid-Rise Clean Look Light Fade Cotton Jeans,Jeans,1299,Blue,People,24,4.333333,"<ul><li>Light shade, light fade blue jeans</li><li>Slim fit, mid-rise</li><li>Clean look</li><li>Non-stretchable</li><li>Has whiskers and chevrons effect</li><li>5 pockets</li><li>Length: cropped</li></ul>100% Cotton<br>Machine washFit: Slim Fit<br>Non-Stretchable<br>The model (height 5'8) is wearing a size 28",B,Bamboo Fabric,Yes,33.94,4624111,27947.73,Yes,GOTS,B Corp
13999018,People Women Blue Skinny Fit Jeans,Jeans,1199,Blue,People,220,4.372727,"Blue light wash jeans, mildly distressed, heavy fade, and has a zip fly closureMaterial: CottonSkinny Fit<br>The model (height 5'8"") is wearing a size 28",A,Tencel,Yes,71.04,4822234,44244.23,No,B Corp,GOTS
16666764,People Women Blue Slim Fit Light Fade Jeans,Jeans,999,Blue,People,11,3.545455,"<ul> <li> Dark shade, light fade blue jeans </li> <li> Slim fit, mid-rise </li> <li> Clean look </li> <li> Non stretchable </li> <li> Length: cropped </li> </ul><br> Fit: Slim Fit <br> Non Stretchable <br> The model (height 5'8) is wearing a size 28100% Cotton<br>Machine wash",B,Recycled Polyester,Yes,192.68,4845665,70010.56,Yes,B Corp,B Corp
15922912,People Women Pink Longline Padded Jacket,Jacket,2899,Pink,People,18,4.833333,"Pink solid padded jacket with faux fur trim, has a hooded, 2 pockets ,has a snap button closure, long sleeves, straight hemline, without lining100% Polyester<br>Machine washThe model (height 5'8) is wearing a size S",A,Bamboo Fabric,Yes,440.59,1985798,27607.94,Yes,B Corp,GOTS
13326924,People Women Grey Solid Sporty Jacket,Jacket,899,Grey,People,11,4.181818,"Grey solid jacket, has a hooded, 2 pockets, zip closure, long sleeves, straight hem, and unlined liningMaterial: 100%Cotton<br>Dry Clean<br>The model (height 5'8"") is wearing a size S",B,Vegan Leather,Yes,60.84,649457.6,76153.28,No,B Corp,B Corp
13326900,People Women Brown Solid Tailored Jacket,Jacket,1499,Brown,People,7,4.142857,"Brown solid jacket, has a hooded, button closure, long sleeves, curved hem, and unlined liningThe model (height 5'8"") is wearing a size SMaterial: Cotton<br> Dry Clean",D,Tencel,Yes,222.08,213489.3,49558.6,Yes,B Corp,GOTS
13499330,People Women Navy Blue Solid Tailored Jacket,Jacket,1699,Navy Blue,People,,,"Navy Blue solid jacket, has a hooded, 2 pockets, snap button closure, long sleeves, curved hem, and cotton liningThe model (height 5'8"") is wearing a size SMaterial: 100%Cotton<br>Machine Wash",D,Hemp,Yes,387.3,2653596,13524.54,No,B Corp,B Corp
13652306,People Women Maroon Solid Denim Jacket,Jacket,1899,Maroon,People,,,"Maroon solid jacket, has a spread collar, button closure, long sleeves, straight hem, and unlined liningMaterial: Cotton<br> Machine WashThe model (height 5'8"") is wearing a size S",B,Hemp,Yes,243.95,4623272,74397.55,No,GOTS,GOTS
16374270,People Women Brown Solid Jacket,Jacket,2499,Brown,People,12,4,<ul><li>Brown Solid Jacket</li><li>Has a stand collar</li><li>2 pockets&nbsp;</li><li>Has a zip closure</li><li>Long sleeves</li><li>straight hemline</li><li>without lining</li></ul>100% POLYESTER<br>Machine WashThe model (height 5'8) is wearing a size S,A,Organic Cotton,Yes,330.45,2593248,2013.78,No,GOTS,B Corp
17301568,People Women White Crop Pure Cotton Denim Jacket,Jacket,1699,White,People,,,"White solid printed denim jacket, has a spread collar, pockets ,has a button closure, long sleeves, straight hemline, without lining100% COTTON<br>Hand washThe model (height 5'8) is wearing a size S",C,Bamboo Fabric,Yes,87.57,2442362,74484.64,Yes,GOTS,GOTS
18128680,People Women Black Solid Denim Jacket,Jacket,1899,Black,People,,,"Black solid printed denim jacket, has a spread collar, 2 pockets ,has a button closure, long sleeves, straight hemline, cotton liningThe model (height 5'8) is wearing a size S100% Cotton Denim<br>Machine Wash",B,Bamboo Fabric,Yes,154.64,3153468,46922.53,No,GOTS,GOTS
2322605,Roadster Time Travlr Women Blue Boyfriend Fit Mid-Rise Low Distress Jeans,Jeans,2299,Blue,Roadster,1103,3.936537,"Blue medium wash 5-pocket mid-rise jeans, mildly distress with light fade, has a button and zip closure, waistband with belt loops100% cotton<br>Machine-washBoyfriend fit<br>The model (height 5'8"") is wearing a size 28",B,Tencel,Yes,164.83,4380926,39252.99,Yes,GOTS,GOTS
17640612,Roadster Women Blue Slim Tapered Fit Low Distress Light Fade Stretchable Jeans,Jeans,3299,Blue,Roadster,,,"Blue medium wash jeans, low distress, light fade, has a button and zip closure, and waistband with belt loopsFit: Slim Tapered Fit<br>Stretchable<br>Size worn by the model: 28<br>Waist: 24""<br>Hips: 34""<br>Height: 5'7""<br>99% Cotton, 1% Elastane<br>Machine wash",B,Recycled Polyester,Yes,240.91,4088888,53391.1,Yes,GOTS,B Corp
2319517,Roadster Women Blue Skinny Fit Mid-Rise Clean Look Stretchable Cropped Jeans,Jeans,1699,Blue,Roadster,2706,4.144863,"Blue medium wash 5-pocket mid-rise jeans, clean look with light fade, has a button and zip closure, waistband with belt loops98.5% cotton, 1.5% elastane<br>Machine-washSkinny Fit<br> Stretchable<br> The model (height 5'8"") is wearing a size 28",D,Tencel,Yes,202.43,2935890,80999.76,No,B Corp,GOTS
16835110,Roadster Women Blue Wide Leg High-Rise Light Fade Stretchable Jeans,Jeans,2999,Blue,Roadster,5,4.6,"<ul><li>Medium shade, light&nbsp;fade blue jeans</li><li>Wide leg, high-rise</li><li>Clean look</li><li>Stretchable</li><li>5 pockets</li><li>Length: regular</li></ul>99% Cotton, 1% Elastane<br>Machine washFit: Wide Leg<br>Stretchable<br>Size worn by the model: 28<br>Waist: 24""<br>Hips: 34""<br>Height: 5'7""<br>",D,Bamboo Fabric,Yes,346.21,4431517,93177.22,Yes,B Corp,GOTS
12178124,Roadster Women Blue Washed Denim Jacket,Jacket,1999,Blue,Roadster,1211,4.452519,"Blue washed jacket, has a spread collar, 4 pockets, button closure, long sleeves, straight hem100% cotton<br>Machine WashThe model (height 5'8"") is wearing a size S",A,Organic Cotton,Yes,452.59,4926853,65750.7,Yes,B Corp,GOTS
12279352,Roadster Women Blue Washed Denim Trucker Jacket,Jacket,1599,Blue,Roadster,1112,4.45054,"Blue washed denim trucker jacket, has a spread collar, 2 pockets, button closure, long sleeves, straight hem, unlined and has 2 mock pocketsMaterial: 100% Cotton<br>Machine WashThe model (height 5'8"") is wearing a size S",A,Tencel,Yes,80.46,4682282,64254.15,Yes,B Corp,GOTS
12178108,Roadster Women Blue Washed Denim Jacket,Jacket,2299,Blue,Roadster,602,4.509967,"Blue washed jacket, has a spread collar, 4 pockets, button closure, long sleeves, straight hemThe model (height 5'8"") is wearing a size S100% cotton<br>Machine Wash",B,Tencel,Yes,308.56,4012797,89271.72,No,B Corp,GOTS
12279300,Roadster Women Blue Washed Cropped Denim Trucker Jacket,Jacket,1599,Blue,Roadster,845,4.536095,"Blue washed cropped denim trucker jacket, has a spread collar, 2 pockets, button closure, long sleeves, straight hem, unlined and has 2 mock pocketsMaterial: 100% Cotton<br>Machine WashThe model (height 5'8"") is wearing a size S",B,Hemp,Yes,432.94,428290.6,10210.58,No,GOTS,GOTS
14356160,Roadster Women Dusty Pink Solid Corduroy Padded Jacket,Jacket,3999,Pink,Roadster,34,4.441176,"Dusty Pink solid Corduroy padded jacket, has a mock collar, 2 pockets, has a zip closure, long raglan sleeves, straight hemline, polyester liningOuter shell: Polyester <br> Lining fabric: Polyester <br> Machine washThe model (height 5'8) is wearing a size S",D,Hemp,Yes,21.3,956439.3,12825.3,Yes,GOTS,GOTS
14535756,Roadster Women Olive Green Denim Jacket,Jacket,3599,Olive,Roadster,,,"Olive green solid denim jacket, has a hooded, 4 pockets ,has a button closure, long sleeves, straight hemline, without lining100% Cotton<br>Machine wash<br>Size worn by the model: S<br>Chest: 32""<br>Height: 5'5''<br>",B,Tencel,Yes,22.5,4860224,31221.96,No,GOTS,B Corp
14535772,Roadster Women Beautiful Charcoal Solid Denim Trucker Jacket,Jacket,2899,Charcoal,Roadster,13,4.538462,"Stay warm and look fashionable in this trendy jacket. Designed with a spread collar and long sleeves it makes for a great outfit companion.&nbsp;<ul><li>Beautiful charcoal shade</li><li>Solid pattern</li><li>Spread collar</li><li>Long sleeves</li><li>Cotton, machine wash</li></ul><b>Trend Alert</b><br>Denim truckers are classic with a rugged yet tailored look. They feature a cropped cut that usually ends at the waist and often features buttons at the sleeves, pockets, and front.Outer shell: Cotton <br> Lining fabric: Cotton <br> Machine washThe model (height 5'8) is wearing a size S",B,Recycled Polyester,Yes,32.91,4180701,10004.6,Yes,GOTS,GOTS
14535748,Roadster Women Alluring Grey Washed Denim Trucker Jacket,Jacket,2499,Grey,Roadster,16,4.5,"Enhance the look of your outfit with this stylish jacket. The lovely washed pattern and long sleeves will add charm to your look.&nbsp;<ul><li>Alluring grey tone</li><li>Attractive washed pattern</li><li>Long Sleeves</li><li>Cotton, machine wash</li></ul><b>Trend Alert</b><br>Denim truckers are classic with a rugged yet tailored look. They feature a cropped cut that usually ends at the waist and often features buttons at the sleeves, pockets, and front.The model (height 5'8) is wearing a size SOuter shell: 100% Cotton<br>Lining fabric: Unlined<br>Machine wash",B,Recycled Polyester,Yes,282.93,3629281,90601.86,No,B Corp,GOTS
18213312,Saadgi Teal Blue & Mustard Chikankari Embroidered Dupatta,Dupatta,2940,Teal,Saadgi,,,"Teal blue and mustard ethnic motifs embroidered dupatta has ombre technique, chikankari, fringed border100% Net<br>Hand wash&nbsp;<br>Length: 2.40 m&nbsp;<br>Width: 92 cm",B,Bamboo Fabric,Yes,19.26,3043524,63930.64,No,GOTS,B Corp
10652692,Saadgi White Embellished Dupatta,Dupatta,1760,White,Saadgi,42,4.190476,White embellished dupatta with gotta patti gotta patti and has a solid borderPoly Chiffon<br>Hand-washLength: 2.42 m<br>Width: 90 cm,A,Tencel,Yes,342.44,2701194,58797.42,No,B Corp,GOTS
18213660,Saadgi Yellow Chikankari Embroidered Dupatta,Dupatta,2940,Yellow,Saadgi,,,"Yellow ethnic motifs embroidered dupatta chikankari, fringed borderLength: 2.40 m&nbsp;<br>Width: 92 cm<br>100% Net<br>Hand wash",A,Vegan Leather,Yes,202.19,2619518,26891.42,No,GOTS,B Corp
18213792,Saadgi Sea Green Chikankari Embroidered Dupatta,Dupatta,2940,Sea Green,Saadgi,,,"Sea green ethnic motifs embroidered dupatta chikankari, fringed border100% Net<br>Hand washLength: 2.40 m&nbsp;<br>Width: 92 cm<br>",B,Vegan Leather,Yes,270.22,1476983,74653.83,No,GOTS,GOTS
10652694,Saadgi Red Gotta Patti Work Dupatta,Dupatta,1760,Red,Saadgi,9,3.444444,"Red gotta patti work Dupatta with crochet handwork along the border60% cotton, 40% silk&nbsp;<br>Hand-washLength: 2.50 metres<br>Width: 90 cm",B,Hemp,Yes,30.12,4244253,18190.79,No,B Corp,GOTS
18213238,Saadgi Purple & Golden Chikankari Embroidered Dupatta,Dupatta,2940,Purple,Saadgi,,,"Purple and goldenethnic motifs embroidered dupatta chikankari, fringed borderLength: 2.40 m&nbsp;<br>Width: 92 cm100% Net<br>Hand wash&nbsp;<br>",B,Recycled Polyester,Yes,286.63,3063887,61403.32,Yes,GOTS,GOTS
14016196,Saadgi White Aari Embroidered Net Dupatta,Dupatta,2250,White,Saadgi,7,4.142857,White aari embroidered net Dupatta and has a scalloped borderMaterial: Net<br> Hand WashLength: 2.25&nbsp;metres<br>Width: 1 metres,B,Organic Cotton,Yes,59.85,2265907,51415,Yes,B Corp,GOTS
18213140,Saadgi Pink Chikankari Embroidered Dupatta,Dupatta,2940,Pink,Saadgi,,,"Pink chkankari embroidered dupatta, taping borderLength: 2.40 m&nbsp;<br>Width: 92 cm100% Net<br>Hand wash&nbsp;<br>",B,Hemp,Yes,452.02,3262785,98228.06,Yes,GOTS,B Corp
13000352,SASSAFRAS Women Blue Pure Cotton Relaxed Fit High-Rise Clean Look Cropped Jeans,Jeans,1999,Blue,SASSAFRAS,6150,4.210894,"Blue medium wash 5-pocket high-rise cropped jeans, clean look, light fade, has a button and zip closure, and waistband with belt loopsMaterial: 100% cotton<br>Machine WashRelaxed Fit<br>The model (height 5'8"") is wearing a size 28",A,Hemp,Yes,345.64,1020265,18373.35,No,GOTS,B Corp
9552603,SASSAFRAS Women Black Slim Fit Mid-Rise Clean Look Stretchable Cropped Jeans,Jeans,1999,Black,SASSAFRAS,7252,4.096663,"Black solid 5-pocket mid-rise cropped jeans, clean look with no fade, has a slip-on closure, waistband with belt loops.Slim fit<br>The model (height 5""8') is wearing a size 2896% cotton, 4% spandex<br>Machine-wash",C,Recycled Polyester,Yes,227.94,1040405,98864.61,No,GOTS,GOTS
12221938,SASSAFRAS Women Black Slim Fit High-Rise Clean Look Stretchable Jeans,Jeans,1999,Black,SASSAFRAS,2699,3.948499,"Black dark wash 5-pocket high-rise jeans, clean look, no fade, has a button and zip closure, and waistband with belt loops96% cotton, 4% elastane<br>Machine-washSlim fit<br>Stretchable<br>The model (height 5'8"") is wearing a size 28",D,Hemp,Yes,295.57,2208679,88617.25,Yes,GOTS,GOTS
12221892,SASSAFRAS Women Green Regular Fit High-Rise Clean Look Stretchable Jeans,Jeans,1999,Green,SASSAFRAS,4972,4.307321,"Green coloured wash 4-pocket high-rise jeans, clean look, no fade, has a button and zip closure, and paperbag waistband with belt loopsRegular Fit<br>Stretchable<br>The model (height 5'8"") is wearing a size 2896% cotton, 4% spandex<br>Machine-wash",D,Tencel,Yes,317.44,3386659,9311.63,No,B Corp,GOTS
11064282,SASSAFRAS Women Cream-Coloured Solid Quilted Jacket,Jacket,1999,Cream,SASSAFRAS,701,4.18117,"Cream-coloured solid quilted jacket, has a mandarin collar, front open, long sleeves, straight hem, polyester lining, two mock pocketsThe model (height 5'8"") is wearing a size SMaterial: Polyester<br> Dry Clean",A,Vegan Leather,Yes,265.74,749662,70180.18,Yes,GOTS,GOTS
1694433,SASSAFRAS Mustard Yellow Peplum Jacket,Jacket,1699,Mustard,SASSAFRAS,1953,4.238095,"Mustard yellow peplum jacket, has a stand collar, full button closures, long sleevesFleece<br>Hand-washThe model (height 5'8'') is wearing a size S",C,Bamboo Fabric,Yes,30.38,1383636,20414.76,No,GOTS,GOTS
12737764,SASSAFRAS Women Khaki Solid Sleeveless Quilted Jacket,Jacket,1999,Khaki,SASSAFRAS,243,3.942387,"Khaki solid jacket, has a mock collar, 2 pockets, zip closure, sleeveless, straight hem, and attached liningMaterial: 100% polyester<br>Dry CleanThe model (height 5'8"") is wearing a size S",B,Tencel,Yes,131.97,3317847,73850.74,Yes,GOTS,B Corp
12737836,SASSAFRAS Women Mustard Yellow Solid Puffer Jacket,Jacket,2299,Mustard,SASSAFRAS,80,3.8,"Mustard yellow solid jacket, has a mock collar, 2 pockets, zip closure, long sleeves, straight hem, and attached liningMaterial: 100% polyester<br>Lining:&nbsp;100% polyester<br>Dry-cleanThe model (height 5'8"") is wearing a size S",B,Hemp,Yes,312.7,4784778,26134.75,No,B Corp,B Corp
15940140,SASSAFRAS Women Green Corduroy Crop Open Front Jacket,Jacket,2199,Green,SASSAFRAS,12,4.75,"Green solid open front jacket, has a spread collar, 2 pockets ,has a button closure, long sleeves, straight hemline, without liningCorduroy<br>Machine WashThe model (height 5'8) is wearing a size S",D,Hemp,Yes,84.04,2028078,68453.79,Yes,GOTS,B Corp
16044108,SASSAFRAS Women Pink Crop Open Front Jacket,Jacket,2099,Pink,SASSAFRAS,16,4.1875,"Pink solid open front jacket, has a hooded, pockets ,has a zip closure, long sleeves, straight hemline, without lining95% Polyester 5% Spandex<br>Dry CleanThe model (height 5'8) is wearing a size S",C,Hemp,Yes,14.35,4999597,73490.01,Yes,GOTS,GOTS
15790738,SASSAFRAS Women White Quilted Jacket,Jacket,2498,White,SASSAFRAS,10,3.8,"White solid quilted jacket, has a stand collar, 2 pockets ,has a zip closure, long sleeves, straight hemline, polyester lining100% Polyester<br>Dry CleanThe model (height 5'8) is wearing a size S",D,Hemp,Yes,59.21,2199179,45237.52,Yes,B Corp,B Corp
10856194,SASSAFRAS Women Maroon Solid Quilted Jacket,Jacket,2399,Maroon,SASSAFRAS,240,3.670833,"Maroon solid quilted jacket, has a stand collar, 2 pockets, zip closure, long sleeves, straight hem, and polyester liningThe model (height 5'8"") is wearing a size SPolyester<br>Dry-clean",C,Tencel,Yes,116.17,1851271,70216.05,No,GOTS,B Corp
12999468,Tokyo Talkies Women Blue Flared High-Rise Clean Look Jeans,Jeans,1899,Blue,Tokyo Talkies,518,3.949807,"Blue medium wash 5-pocket high-rise jeans, clean look, no fade, has a button and zip closure, and waistband with belt loopsMaterial: Cotton<br> Machine WashFlared<br>The model (height 5'8"") is wearing a size 28",C,Tencel,Yes,85.62,4575683,66804.49,Yes,GOTS,B Corp
17660322,Tokyo Talkies Women Blue Slim Fit Slash Knee Heavy Fade Jeans,Jeans,2099,Blue,Tokyo Talkies,11,4.272727,"<ul><li>Medium shade, heavy fade blue jeans</li><li>Slim fit, mid-rise</li><li>Slash knee</li><li>Non stretchable</li><li>5 pockets</li><li>Length: cropped</li></ul>Cotton<br>Machine wash<br> Fit: Slim Fit <br> Non Stretchable <br> The model (height 5'8) is wearing a size 28",B,Bamboo Fabric,Yes,227.96,3890392,33710.74,Yes,GOTS,GOTS
17442762,Tokyo Talkies Women Blue Flared Slash Knee Heavy Fade Cotton Cropped Jeans,Jeans,2099,Blue,Tokyo Talkies,17,4.117647,"<ul><li>Medium shade, heavy fade blue jeans</li><li>Flared, mid-rise</li><li>Slash knee</li><li>Non stretchable</li><li>5 pocket</li><li>Length: cropped</li></ul>Fit: Flared<br>Non Stretchable<br>The model (height 5'8) is wearing a size 28Cotton<br>Machine wash",C,Tencel,Yes,381.07,3532037,51894.28,Yes,GOTS,B Corp
8195013,Tokyo Talkies Women Blue Super Skinny Fit Mid-Rise Clean Look Stretchable Jeans,Jeans,1899,Blue,Tokyo Talkies,998,3.908818,"Blue light wash 5-pocket mid-rise jeans, clean look with no fade, has a button and zip closure, waistband with belt loopsSuper Skinny Fit<br>Stretchable<br>The model (height 5'8"") is wearing a size 2898% Cotton 2% Lycra<br>Machine-wash",D,Organic Cotton,Yes,445.94,4219453,16867.51,No,B Corp,B Corp
10719178,Tokyo Talkies Women Blue Solid Jacket,Jacket,2649,Blue,Tokyo Talkies,202,4.247525,"Blue solid jacket, has a spread collar, 4 pockets, button closure, long sleeves, straight hem, and unlinedCotton<br>Machine-washThe model (height 5'8"") is wearing a size S",D,Bamboo Fabric,Yes,438.6,674345.7,69657.92,Yes,B Corp,GOTS
10845278,Tokyo Talkies Women Grey Printed Jacket,Jacket,3299,Grey,Tokyo Talkies,346,4.436416,"Grey printed jacket, has a hooded, 4 pockets, button closure, long sleeves, straight hem, and unlinedThe model (height 5'8"") is wearing a size SCotton<br> Machine-wash",B,Recycled Polyester,Yes,264.35,2429935,55682.66,No,B Corp,B Corp
15997714,Tokyo Talkies Women Black Crop Leather Jacket,Jacket,7149,Black,Tokyo Talkies,33,4.545455,"Black solid leather jacket with zip detail, has a mock collar, 2 pockets ,has a zip closure, long sleeves, hem with toggle hemline, without liningFaux Leather<br>Machine washThe model (height 5'8) is wearing a size S",B,Vegan Leather,Yes,92.86,434321,37764.12,No,B Corp,GOTS
15982544,Tokyo Talkies Women Burgundy Leather Crop Biker Jacket,Jacket,4249,Burgundy,Tokyo Talkies,54,3.722222,"Burgundy solid biker jacket, has a spread collar, 2 pockets ,has a button closure, three-quarter sleeves, straight hemline, without liningThe model (height 5'8) is wearing a size SLeather<br>Machine wash",A,Recycled Polyester,Yes,449.37,4681708,16216.25,Yes,GOTS,B Corp
16181558,Tokyo Talkies Women Gorgeous Green Solid Faux Leather Jacket,Jacket,4699,Green,Tokyo Talkies,,,"Amp up your style factor by donning this chic jacket. Elevate your appeal with its lovely solid pattern and spread collar.&nbsp;<ul><li>Green shade</li><li>Classic solid pattern</li><li>Spread collar </li><li>Long sleeves </li><li>Leather, machine wash</li></ul><b>Trend Alert</b><br>Highly durable and affordable, faux leather is designed to withstand scratches and scrapes. It requires little maintenance and is UV- and stain-resistant.<p>FAUX LEATHER Machine wash</p>The model (height 5'8) is wearing a size S",B,Vegan Leather,Yes,478.87,4634302,32637.37,No,B Corp,GOTS
10841116,Tokyo Talkies Women Black Printed Jacket,Jacket,2449,Black,Tokyo Talkies,352,4.321023,"Black solid jacket with stripes on sleeves, has a spread collar, button closure, straight hem, 4 pockets, unlined100% Cotton<br>Machine washThe model (height 5'8"") is wearing a size S",C,Tencel,Yes,456.4,4803379,70392.89,No,GOTS,GOTS
13421980,Tokyo Talkies Women Khaki Solid Tailored Jacket,Jacket,2149,Khaki,Tokyo Talkies,51,4.137255,"Khaki solid jacket, has a spread collar, button closure, curved hem, and i liningThe model (height 5'8"") is wearing a size SMaterial: Cotton",A,Organic Cotton,Yes,416.59,3159692,11869.16,No,GOTS,B Corp
16091212,Tokyo Talkies Women Burgundy Solid Crop Biker Jacket,Jacket,5499,Burgundy,Tokyo Talkies,8,4.625,"Burgundy solid biker jacket with zip detail, has a lapel collar, 2 pockets ,has a snap button closure, three-quarter sleeves, hem with toggle hemline, without liningThe model (height 5'8) is wearing a size SFaux Leather<br>Machine wash",C,Vegan Leather,Yes,150.79,3235884,60519.86,Yes,GOTS,B Corp
18328804,URBANIC Women Black Jeans,Jeans,1790,Black,URBANIC,172,4.244186,"<ul> <li> Dark shade, no fade black jeans </li> <li> Regular fit, mid-rise </li> <li> Clean look </li> <li> Non stretchable </li> <li> Na pocket </li> <li> Length: regular </li> </ul><p>Cotton</p><br> Fit: Regular Fit <br> Non Stretchable <br> The model (height 5'8) is wearing a size 28",A,Bamboo Fabric,Yes,157.86,1103108,23052.1,Yes,B Corp,GOTS
18542638,URBANIC Women Brown Pocket Wide Leg Jeans,Jeans,1490,Brown,URBANIC,29,3.931034,"<ul> <li> Coloured shade, no fade brown jeans </li> <li> Regular fit, mid-rise </li> <li> Clean look </li> <li> Non stretchable </li> <li> Length: cropped </li> </ul><p>Cotton</p><br> Fit: Regular Fit <br> Non Stretchable <br> The model (height 5'8) is wearing a size 28",B,Hemp,Yes,229.15,2277871,63581.26,No,GOTS,B Corp
16263016,URBANIC Women Blue Straight Fit High-Rise Jeans,Jeans,2090,Blue,URBANIC,50,3.06,"<ul> <li> Medium shade, no fade blue jeans </li> <li> Straight fit, high-rise </li> <li> Clean look </li> <li> Non stretchable </li> <li> 5 pocket </li> <li> Length: regular </li> </ul><br> Fit: Straight Fit <br> Non Stretchable <br> The model (height 5'8) is wearing a size 28Cotton<br>Machin wash",A,Hemp,Yes,370.35,174958.6,32439.23,No,GOTS,B Corp
18872534,URBANIC Women Red Relaxed Fit Jeans,Jeans,1990,Red,URBANIC,,,"<ul> <li> Coloured shade, no fade red jeans </li> <li> Relaxed fit, mid-rise </li> <li> Clean look </li> <li> Non stretchable </li> <li> Na pocket </li> <li> Length: regular </li> </ul><p>Cotton&lt;&gt;Machine Wash</p><br> Fit: Relaxed Fit <br> Non Stretchable <br> The model (height 5'8) is wearing a size 28",B,Organic Cotton,Yes,86.69,2022535,66621.05,Yes,GOTS,B Corp
15850156,URBANIC Women Green Solid Sheer Tailored Jacket,Jacket,1990,Green,URBANIC,7,3.714286,"Green solid sheer tailored jacket, has a stand collar, 2 pockets, zip closure, long drop-shoulder sleeves, hem with toggle hemline, without liningThe model (height 5'8) is wearing a size MPolyester<br>Dry Clean",D,Organic Cotton,Yes,177.53,2405597,37439.7,Yes,GOTS,GOTS
18907592,URBANIC Women Black White Crop Chess Checked Bomber Jacket,Jacket,1190,Black,URBANIC,,,"Black &amp; White Chess checked bomber Jacket , has a stand collar, has a zip closure, Full sleeves, straight hemline, without liningPolyester<br>Machine WashThe model (height 5'8) is wearing a size S",C,Tencel,Yes,268.06,756345.2,50659.6,No,GOTS,B Corp
15634138,URBANIC Women Black Tailored Jacket,Jacket,1890,Black,URBANIC,8,4.25,"Black solid tailored jacket, has a spread collar, 2 pockets ,has a button closure, long sleeves, straight hemline, polyester liningOuter shell: Polyester <br> Lining fabric: Polyester <br> Dry cleanThe model (height 5'8) is wearing a size S",B,Hemp,Yes,349.61,4030230,76759.91,No,B Corp,GOTS
15851444,URBANIC Women Blue & White Dyed Extra Relaxed Fit Longline Sherpa Tailored Jacket,Jacket,2490,Blue,URBANIC,7,3.571429,"Blue and white dyed extra relaxed fit sherpa tailored jacket, has a spread collar, 2 kangaroo pocket pockets, long sleeves, zip closure, straight hem and unlinedExtra relaxed fit<br>The model (height 5'8) is wearing a size MPolyester<br>Machine-wash",D,Bamboo Fabric,Yes,495.53,2469602,16270.36,Yes,GOTS,B Corp
16103252,URBANIC Women Beige Buttoned Tailored Jacket,Jacket,2390,Beige,URBANIC,,,"Beige solid tailored jacket, has a spread collar, 2 pockets ,has a button closure, long sleeves, straight hemline, without lining<p>Polyester</p>The model (height 5'8) is wearing a size S",A,Recycled Polyester,Yes,390.97,1219026,68041.58,Yes,GOTS,B Corp
15851900,URBANIC Women Blue Solid Hooded Faux Fur Jacket,Jacket,2290,Blue,URBANIC,8,4.375,"Blue solid faux fur jacket, has a hood, 2 pockets, a zip closure, long sleeves, straight hemlineThe model (height 5'8) is wearing a size SPolyester<br>Dry Clean",B,Organic Cotton,Yes,353.62,3204683,60324.62,Yes,B Corp,GOTS
15851566,URBANIC Women Black Padded Jacket,Jacket,3190,Black,URBANIC,8,4,"Black solid padded jacket, has a hooded, 3 pockets ,has a zip closure, long sleeves, straight hemline, without lining100% Polyester<br>Machine washThe model (height 5'8) is wearing a size S",D,Tencel,Yes,153.41,1639118,75713.7,No,B Corp,B Corp
15849954,URBANIC Women Black & White Houndstooth Pattern Tailored Jacket,Jacket,1490,Black,URBANIC,79,3.974684,"Black and white houndstooth pattern tailored jacket, has a round neck, button placket, long sleeves, straight hemline, polyester liningThe model (height 5'8) is wearing a size SPolyester<br>Dry-clean",A,Hemp,Yes,326.78,738735.1,11403.38,No,GOTS,B Corp